与|yu3|with; and|Notice the long top line and the lower curved stroke in 与.|与此同时~at the same time~妈妈在做饭，与此同时，我们在收拾桌子。~Mum is cooking; at the same time, we are tidying the table.|与其~rather than~与其等雨停，不如先在屋里看书。~Rather than wait for the rain to stop, we can read indoors first.
也|ye3|also; too|Follow the bottom curved stroke of 也 as it rises on the right.|也许~perhaps~也许小猫正在屋里睡觉。~Perhaps the kitten is sleeping indoors.|也好~also fine~先画一棵树也好。~Drawing a tree first is also fine.
都|dou1|all; both|Find the upright right-hand 阝 in 都.|都是~all are~这些都是我们画的花。~These are all flowers we drew.|都要~all want; all need~小朋友们都要洗手。~All the children need to wash their hands.
就|jiu4|then; immediately|Notice the small 京 shape on the left of 就.|就是~is exactly~这就是我们要找的书。~This is exactly the book we are looking for.|就要~about to~天就要黑了，我们回家吧。~It is about to get dark; let us go home.
才|cai2|only then; ability|Notice the slanting stroke crossing the upright hook in 才.|刚才~just now~刚才我们在树下看书。~We were reading under the tree just now.|才能~ability~每个人都有不同的才能。~Everyone has different abilities.
又|you4|again; also|Compare the two crossing strokes of 又 with a single straight line.|又是~is again~今天又是一个晴天。~Today is another sunny day.|又要~need to again~小树的土干了，又要浇水了。~The little tree's soil is dry; it needs watering again.
还|hai2|still; also|Follow the long bottom stroke of 辶 beneath 不 in 还.|还有~there is also; still have~盒子里还有一支铅笔。~There is still a pencil in the box.|还是~or; still~你想画小猫还是小狗？~Would you like to draw a kitten or a puppy?
很|hen3|very|Find the narrow 彳 on the left of 很.|很好~very good~你把书本整理得很好。~You have arranged the books very well.|很多~many; much~花园里有很多小花。~There are many little flowers in the garden.
更|geng4|more; even more|Notice the broad crossing strokes below the box-like middle of 更.|更加~even more~浇水后，小草更加精神了。~After watering, the grass looks even more lively.|更好~better~把椅子摆齐会更好。~It would be better to line up the chairs.
最|zui4|most|Notice 日 above the busy lower part of 最.|最好~best; had better~下雨时最好带上雨伞。~It is best to bring an umbrella when it rains.|最后~last; finally~最后，我们一起把桌子收拾好。~Finally, we tidy the table together.
每|mei3|every; each|Find the two small dots inside the lower part of 每.|每天~every day~我每天看看小花的土干不干。~Every day, I check whether the little flower's soil is dry.|每次~every time~每次看完书，我都把它放回书架。~Every time I finish a book, I put it back on the shelf.
各|ge4|each; various|Find 口 under the crossing top strokes of 各.|各自~each on their own~我们各自选了一张彩纸。~We each choose a sheet of coloured paper.|各地~various places~书里介绍了各地的桥。~The book introduces bridges in various places.
个|ge4|general counting word|Notice the single upright stroke beneath the two spreading strokes in 个.|个子~height; stature~这棵小树的个子比昨天高了。~This little tree looks taller than yesterday.|个人~individual; personal~我们尊重每个人的选择。~We respect each person's choice.
只|zhi3|only; just|Find 口 above the two spreading bottom strokes of 只.|只有~only have; only~盒子里只有一块蓝色积木。~There is only one blue block in the box.|只是~only; just~小猫只是想找一个暖和的地方。~The kitten only wants to find a warm place.
些|xie1|some; a few|Find the two horizontal strokes at the bottom of 些.|一些~some~我们捡起一些落叶做拼贴。~We collect some fallen leaves for a collage.|这些~these~这些小石头是圆圆的。~These little stones are round.
从|cong2|from; follow|Compare the two 人 shapes side by side in 从.|从前~long ago~从前，村里有一座小木桥。~Long ago, there was a little wooden bridge in the village.|从来~ever; always~这只小狗从来不抢小猫的食物。~This little dog never takes the kitten's food.
到|dao4|arrive; reach|Find the narrow 刂 on the right of 到.|到达~arrive~我们终于到达了公园。~We finally arrive at the park.|看到~see~我看到窗边有一只小鸟。~I see a little bird by the window.
向|xiang4|towards; direction|Notice 口 inside the surrounding strokes of 向.|方向~direction~地图上的箭头指明方向。~The arrow on the map shows the direction.|向前~forwards~小鸭在水里慢慢向前游。~The duckling slowly swims forwards.
对|dui4|correct; towards; pair|Find 又 beside 寸 in 对.|对面~opposite side~桥的对面有一棵大树。~There is a large tree on the other side of the bridge.|对手~opponent~比赛后，我和对手握了握手。~After the match, my opponent and I shake hands.
把|ba3|hold; object-handling word|Notice 扌 on the left of 把.|把手~handle~这个篮子的把手很结实。~The handle of this basket is sturdy.|一把~one handful; one of a handled object~桌上放着一把小尺子。~There is a small ruler on the table.
被|bei4|quilt; passive marker|Find 衤 on the left of 被; it has a small dot.|被子~quilt~睡觉前，我把被子铺好。~Before bed, I spread out my quilt.|棉被~cotton quilt~冬天，我们盖上暖和的棉被。~In winter, we cover ourselves with warm cotton quilts.
让|rang4|let; yield|Find 讠 beside 上 in 让.|让开~move aside~小猫从门边让开了。~The kitten moves aside from the doorway.|让步~give way; compromise~两个朋友互相让步，选好了游戏。~The two friends compromise and choose a game.
给|gei3|give; for|Find the thread-shaped 纟 on the left of 给.|给你~give to you; for you~这张卡片是给你的。~This card is for you.|送给~give as a present~我把纸花送给朋友。~I give the paper flower to my friend.
用|yong4|use|Notice the upright stroke dividing the inside of 用.|有用~useful~这条小绳子很有用。~This little piece of string is useful.|用心~with care; attentive~我用心把卡片上的字写好。~I carefully write the characters on the card.
拿|na2|take; hold|Find 手 beneath 合 in 拿.|拿起~pick up~我拿起铅笔画了一朵花。~I pick up a pencil and draw a flower.|拿手~skilled at~折纸是姐姐的拿手本领。~Paper folding is one of my older sister's skills.
放|fang4|put; release|Find 方 beside 攵 in 放.|放下~put down~小朋友轻轻放下水杯。~The child gently puts down the drinking cup.|放学~finish school~放学后，我们一起走回家。~After school, we walk home together.
找|zhao3|look for|Find 扌 beside the crossing strokes of 戈 in 找.|寻找~search for~我们在草地旁寻找小球。~We look for the little ball beside the grass.|找出~find; identify~请找出图里的一只小鸟。~Please find a little bird in the picture.
来|lai2|come|Notice the small strokes spreading beside the upright middle of 来.|来到~come to; arrive at~我们来到公园门口。~We arrive at the park entrance.|未来~future~我想在未来种出更多的花。~I hope to grow more flowers in the future.
去|qu4|go; leave|Find 土 above 厶 in 去.|过去~the past; go past~奶奶讲起过去的故事。~Grandma tells stories about the past.|出去~go out~雨停了，我们出去走走。~The rain has stopped; we go out for a walk.
回|hui2|return|Compare the small inner square and large outer square in 回.|回家~go home~天黑前，我们回家吃饭。~Before dark, we go home to eat.|回答~answer~老师听了我的回答，点了点头。~The teacher listens to my answer and nods.
进|jin4|enter; advance|Find 井 above the long bottom stroke of 辶 in 进.|进来~come in~下雨了，请进来坐吧。~It is raining; please come in and sit down.|前进~move forwards~小队沿着小路慢慢前进。~The group slowly moves forwards along the path.
出|chu1|go out; appear|Notice the two mountain-like shapes sharing an upright in 出.|出来~come out~小猫从纸箱里出来了。~The kitten comes out of the cardboard box.|出发~set off~吃完早饭，我们就出发。~After breakfast, we set off.
入|ru4|enter|Compare the two slanting strokes of 入 with 人.|入口~entrance~公园的入口有一张地图。~There is a map at the park entrance.|加入~join~新朋友加入了我们的游戏。~A new friend joins our game.
开|kai1|open|Notice the two upright strokes crossing the long horizontal in 开.|开门~open the door~我先敲门，再请大人开门。~I knock first, then ask an adult to open the door.|开心~happy~朋友收到了卡片，很开心。~My friend is happy to receive the card.
关|guan1|close; shut|Find the two small top strokes above 天 in 关.|关门~close the door~出去以后，请轻轻关门。~After going out, please close the door gently.|开关~switch~台灯的开关在底座上。~The lamp's switch is on its base.
坐|zuo4|sit|Find two small 人 shapes above 土 in 坐.|坐下~sit down~我们坐下来看一本故事书。~We sit down to read a storybook.|坐车~travel by vehicle~我和大人一起坐车去公园。~I travel to the park with an adult.
站|zhan4|stand; station|Find 立 beside 占 in 站.|站立~stand~小鸟站立在树枝上。~The little bird stands on a branch.|车站~station~我们在车站等车。~We wait for the bus at the station.
跳|tiao4|jump|Find 足 at the left of 跳.|跳绳~skip with a rope~姐姐在院子里跳绳。~My older sister skips in the yard.|跳高~high jump~体育课上，我们练习跳高。~In PE class, we practise the high jump.
游|you2|swim; travel|Find the three water dots 氵 on the left of 游.|游泳~swim~小鸭在池塘里游泳。~The duckling swims in the pond.|游戏~game~我们选了一个大家都喜欢的游戏。~We choose a game everyone likes.
爬|pa2|climb; crawl|Notice 爪 beside 巴 in 爬.|爬山~climb a hill~天气好的时候，我们和大人一起爬山。~When the weather is good, we climb a hill with adults.|爬行~crawl~小乌龟在草地上慢慢爬行。~The little turtle slowly crawls across the grass.
飞|fei1|fly|Notice the long bent stroke and the two small strokes of 飞.|飞机~aeroplane~我们看见一架飞机飞过。~We see an aeroplane fly past.|飞行~fly; flight~小鸟展开翅膀开始飞行。~The little bird spreads its wings and starts to fly.
唱|chang4|sing|Find 口 beside the two 日 shapes in 唱.|唱歌~sing a song~我们在树下唱歌。~We sing under the tree.|合唱~sing together; choir~班里的合唱开始了。~The class choir begins to sing.
说|shuo1|say; speak|Find 讠 on the left of 说.|说话~speak~图书馆里，说话的声音要轻。~In the library, we should speak quietly.|说明~explain; instructions~老师说明了游戏的玩法。~The teacher explains how to play the game.
叫|jiao4|call; shout|Find 口 on the left of 叫.|叫声~call; cry~窗外传来小鸟的叫声。~We hear a bird's call outside the window.|叫好~cheer; applaud~表演结束，大家拍手叫好。~After the performance, everyone claps and cheers.
问|wen4|ask|Find 口 inside 门 in 问.|问题~question~我想问老师一个问题。~I want to ask the teacher a question.|问好~say hello~见到邻居，我们先问好。~When we meet a neighbour, we say hello first.
答|da2|answer|Find the bamboo top ⺮ above 合 in 答.|回答~answer~我举手回答老师的问题。~I raise my hand to answer the teacher's question.|答案~answer; solution~我们认真看图，找到了答案。~We look carefully at the picture and find the answer.
想|xiang3|think; want|Find 心 below 相 in 想.|想象~imagine~我想象小鸟飞过蓝天的样子。~I imagine the little bird flying across the blue sky.|想念~miss; think of fondly~我给想念的朋友写了一张卡片。~I write a card to a friend I miss.
知|zhi1|know|Find 矢 beside 口 in 知.|知道~know~我知道这条小路通向公园。~I know this path leads to the park.|知识~knowledge~我们从书里学到了新的知识。~We learn new things from the book.
认|ren4|recognise|Find 讠 beside 人 in 认.|认识~know; recognise~我认识书上的这个字。~I recognise this character in the book.|认真~careful; serious~我们认真把纸船折好。~We carefully fold the paper boat.
学|xue2|learn; study|Notice 子 under the roof-like middle of 学.|学习~learn; study~我们一起学习两个新字。~We learn two new characters together.|学校~school~学校的花园里有一棵大树。~There is a large tree in the school garden.
习|xi2|practise; learn|Notice the small inner strokes inside the outer hook of 习.|练习~practise~我每天练习折纸。~I practise paper folding every day.|学习~learn; study~学习以后，我们把书本收好。~After studying, we put the books away.
做|zuo4|do; make|Notice 亻 on the left of 做.|做饭~cook a meal~大人在厨房里做饭。~An adult cooks in the kitchen.|做法~way of doing; method~老师演示了纸船的做法。~The teacher shows us how to make the paper boat.
作|zuo4|make; work|Find 亻 beside 乍 in 作.|作业~homework~我做完作业，就把本子收好。~I finish my homework and put the notebook away.|合作~cooperate~我们合作搭好了一座积木桥。~We work together to build a block bridge.
玩|wan2|play|Find 王 beside 元 in 玩.|玩具~toy~玩过以后，我们把玩具放回原处。~After playing, we put the toys back.|玩耍~play~小狗在院子里玩耍。~The puppy plays in the yard.
爱|ai4|love; care for|Notice 爫 at the top and 友 at the bottom of 爱.|可爱~cute; lovely~这只小兔很可爱。~This little rabbit is lovely.|爱护~take care of~我们爱护公园里的花草。~We take care of the park's plants.
喜|xi3|like; joy|Find 口 at the bottom of 喜.|喜欢~like~我喜欢在窗边看书。~I like reading beside the window.|欢喜~glad; delighted~小猫找到垫子，满心欢喜。~The kitten is delighted to find its cushion.
欢|huan1|happy; welcome|Find 又 beside 欠 in 欢.|欢迎~welcome~我们欢迎新朋友加入游戏。~We welcome a new friend to the game.|欢乐~joy; happy~院子里传来欢乐的笑声。~Happy laughter comes from the yard.
帮|bang1|help|Find 巾 at the bottom of 帮.|帮助~help~我帮助朋友收拾书包。~I help my friend pack a school bag.|帮忙~lend a hand~小猫的垫子湿了，我来帮忙。~The kitten's cushion is wet; I come to help.
助|zhu4|help|Find 且 beside 力 in 助.|帮助~help~遇到困难时，我们可以请求帮助。~When we have difficulties, we can ask for help.|助手~helper; assistant~今天我是老师的小助手。~Today I am the teacher's little helper.
请|qing3|please; invite|Find 讠 beside 青 in 请.|请问~excuse me; may I ask~请问，图书馆在哪里？~Excuse me, where is the library?|邀请~invite~我邀请朋友一起画画。~I invite my friend to draw with me.
谢|xie4|thank|Find 讠 beside 射 in 谢.|谢谢~thank you~收到卡片以后，我说谢谢。~After receiving the card, I say thank you.|感谢~thank; be grateful~我感谢朋友帮我找到了铅笔。~I thank my friend for helping me find my pencil.
再|zai4|again|Notice the long middle horizontal stroke extending on both sides of 再.|再见~goodbye~回家前，我们向朋友说再见。~Before going home, we say goodbye to our friends.|再次~again; once more~我再次试着把纸船折好。~I try folding the paper boat once more.
见|jian4|see|Notice the two lower strokes spreading below the box-like top of 见.|看见~see~我们看见一只小鸟停在树上。~We see a bird sitting in the tree.|见面~meet~周末，我们在公园见面。~At the weekend, we meet in the park.
好|hao3|good; well|Find 女 beside 子 in 好.|好看~good-looking; nice to look at~这张彩色地图很好看。~This colourful map looks lovely.|友好~friendly~我们友好地和新朋友打招呼。~We greet our new friend in a friendly way.
朋|peng2|friend|Compare the two 月 shapes side by side in 朋.|朋友~friend~我给朋友写了一张卡片。~I write a card to my friend.|亲朋~relatives and friends~节日里，亲朋一起吃饭。~During the festival, relatives and friends eat together.
友|you3|friend|Find 又 below the top strokes of 友.|好友~good friend~好友陪我一起看书。~My good friend reads with me.|友好~friendly~故事里的小动物相处得很友好。~The little animals in the story get along well.
同|tong2|same; together|Notice 口 inside the outer frame of 同.|同学~classmate~同学们一起打扫教室。~The classmates clean the classroom together.|相同~the same~这两块积木的颜色相同。~These two blocks have the same colour.
老|lao3|old; experienced|Notice the slanting stroke crossing above 匕 in 老.|老师~teacher~老师给我们讲了一个故事。~The teacher tells us a story.|老人~older person~我们在车上给老人让座。~We offer an older person a seat on the bus.
少|shao3|few; little|Notice the long slanting stroke beneath the small upper strokes of 少.|多少~how many; how much~篮子里有多少个苹果？~How many apples are in the basket?|很少~very few; rarely~冬天，花园里开的花很少。~Very few flowers bloom in the garden in winter.
孩|hai2|child|Find 子 on the left of 孩.|孩子~child~孩子们在院子里画画。~The children draw in the yard.|小孩~young child~小孩和大人一起过桥。~The young child crosses the bridge with an adult.
童|tong2|child|Find 立 above 里 in 童.|儿童~children~这本故事书适合儿童阅读。~This storybook is suitable for children to read.|童话~fairy tale~奶奶给我讲了一个童话。~Grandma tells me a fairy tale.
男|nan2|male; boy|Find 田 above 力 in 男.|男孩~boy~男孩把小球还给了朋友。~The boy returns the little ball to his friend.|男生~male student~男生和女生一起搭积木。~The boys and girls build with blocks together.
女|nv3|female; girl|Notice the long horizontal stroke crossing the bent strokes of 女.|女孩~girl~女孩在本子上画了一棵树。~The girl draws a tree in her notebook.|女生~female student~女生们一起整理书架。~The girls arrange the bookshelf together.
性|xing4|nature; character; attribute|Find 忄 beside 生 in 性.|性格~personality~每个人的性格都不一样。~Everyone has a different personality.|耐性~patience~折这个小盒子需要耐性。~Folding this little box takes patience.
先|xian1|first; before|Notice the two spreading lower strokes of 先.|首先~first of all~首先，我们把纸放平。~First, we flatten the paper.|先后~one after another~小朋友们先后走进教室。~The children enter the classroom one after another.
后|hou4|after; behind|Find 口 below the upper slanting strokes of 后.|以后~after; later~吃饭以后，我们去散步。~After eating, we go for a walk.|后面~behind; at the back~书架后面有一扇窗。~There is a window behind the bookshelf.
左|zuo3|left|Find 工 beneath the upper strokes of 左.|左边~left side~左边的盒子装着彩笔。~The box on the left holds coloured pens.|左右~left and right; about~过路口时，我们和大人一起看左右。~At the crossing, we look left and right with an adult.
中|zhong1|middle; centre|Notice the upright stroke passing through 口 in 中.|中间~middle~桌子中间放着一篮水果。~A basket of fruit is in the middle of the table.|中心~centre~圆的中心有一个小点。~There is a small dot at the centre of the circle.
里|li3|inside|Notice 田 above the broad lower strokes of 里.|里面~inside~盒子里面有一只纸船。~There is a paper boat inside the box.|这里~here~这里有一块空地，可以画画。~There is a clear space here where we can draw.
外|wai4|outside|Find 夕 beside 卜 in 外.|外面~outside~外面的花开了。~The flowers outside have bloomed.|户外~outdoors~天气好的时候，我们去户外活动。~When the weather is good, we do activities outdoors.
前|qian2|front; before|Notice the narrow 刂 on the right of 前.|前面~in front~前面的路很平，我们慢慢走。~The path ahead is flat; we walk slowly.|以前~before; previously~以前，这里有一座小木桥。~There used to be a little wooden bridge here.
北|bei3|north|Compare the two halves facing apart in 北.|北方~the north~地图上方标着北方。~North is marked at the top of the map.|北风~north wind~北风吹来，我们戴上帽子。~A north wind blows; we put on our hats.
南|nan2|south|Notice the outer frame and short upper upright of 南.|南方~the south~冬天，有些鸟会飞向南方。~In winter, some birds fly south.|南瓜~pumpkin~@basket
东|dong1|east|Notice the small spreading bottom strokes of 东.|东方~the east~早晨，太阳从东方升起。~In the morning, the sun rises in the east.|东边~east side~公园的东边有一条小河。~There is a little river on the east side of the park.
西|xi1|west|Notice the two inner strokes inside the frame of 西.|西方~the west~傍晚，太阳在西方慢慢落下。~In the evening, the sun slowly sets in the west.|西瓜~watermelon~@meal
高|gao1|high; tall|Notice the small upper 口 and larger lower frame of 高.|高大~tall and big~这棵树很高大。~This tree is tall and large.|高兴~happy~收到朋友的信，我很高兴。~I am happy to receive my friend's letter.
低|di1|low|Find 亻 beside 氐 in 低; notice its bottom dot.|低头~lower one's head~我低头看地上的小花。~I lower my head to look at the little flowers.|低声~in a low voice~图书馆里，我们低声说话。~In the library, we speak quietly.
长|chang2|long; length|Follow the long bent lower stroke of 长; these words use cháng.|长度~length~我们用尺子量绳子的长度。~We use a ruler to measure the string's length.|长短~length; long and short~我们把长短不同的绳子分开放。~We separate the strings of different lengths.
短|duan3|short|Find 矢 beside 豆 in 短.|短发~short hair~@picture|短小~short and small~这个故事很短小，却很有趣。~This story is short but interesting.
远|yuan3|far|Find 元 above the long bottom stroke of 辶 in 远.|远方~a distant place~故事里的小鸟飞向远方。~The bird in the story flies to a distant place.|远处~in the distance~远处有一座小桥。~There is a little bridge in the distance.
近|jin4|near|Find 斤 above the long bottom stroke of 辶 in 近.|附近~nearby~附近有一个小公园。~There is a small park nearby.|靠近~move close to~我们轻轻靠近花坛，观察花瓣。~We gently approach the flower bed to observe the petals.
快|kuai4|fast; happy|Find 忄 beside 夬 in 快.|快乐~happy~@person-adj|快点~hurry; a little faster~雨要下大了，我们快点回屋吧。~The rain is getting heavier; let us get indoors quickly.
慢|man4|slow|Find 忄 on the left of 慢.|慢慢~slowly~小乌龟慢慢地爬过草地。~The little turtle slowly crawls across the grass.|慢走~walk slowly; take care as you go~奶奶说慢走，路上看清脚下。~Grandma says to walk carefully and watch our steps.
早|zao3|early|Find 十 beneath 日 in 早.|早上~morning~早上，我打开窗帘。~In the morning, I open the curtains.|早饭~breakfast~早饭后，我们把碗放好。~After breakfast, we put the bowls away.
晚|wan3|late; evening|Find 日 on the left of 晚.|晚上~evening~晚上，我们读一本故事书。~In the evening, we read a storybook.|晚饭~dinner~晚饭后，我们一起散步。~After dinner, we go for a walk together.
今|jin1|now; today's|Notice the small lower hook under the roof-shaped top of 今.|今天~today~今天，我们画了一张地图。~Today, we draw a map.|如今~nowadays; now~如今，小树已经长高了。~Now the little tree has grown taller.
明|ming2|bright; clear|Find 日 beside 月 in 明.|明天~tomorrow~明天，我们去图书馆。~Tomorrow, we are going to the library.|明亮~bright~窗边的光线很明亮。~The light by the window is bright.
昨|zuo2|yesterday; former day|Find 日 beside 乍 in 昨.|昨天~yesterday~昨天，我们在公园看到了小鸭。~Yesterday, we saw ducklings in the park.|昨晚~last night~昨晚，我读了一个新故事。~Last night, I read a new story.
时|shi2|time; hour|Find 日 beside 寸 in 时.|时间~time~看书的时间到了。~It is time to read.|小时~hour~这段路走了半个小时。~The walk takes half an hour.
分|fen1|divide; part; minute|Find 八 above 刀 in 分.|分钟~minute~我们休息五分钟。~We rest for five minutes.|分开~separate~我们把两种彩纸分开放。~We separate the two kinds of coloured paper.
秒|miao3|second, a unit of time|Find 禾 beside 少 in 秒.|秒钟~second~钟上的针又走了一秒钟。~The clock's hand moves forward another second.|分秒~minutes and seconds~比赛时，大家都珍惜分秒。~During the contest, everyone values every minute and second.
年|nian2|year|Notice the upright stroke passing through the lower lines of 年.|今年~this year~今年，我们种了一棵小树。~This year, we plant a little tree.|明年~next year~明年，我们想看看小树长多高。~Next year, we want to see how tall the tree has grown.
岁|sui4|years of age|Find 山 above 夕 in 岁.|岁数~age~我问小树的岁数。~I ask how old the little tree is.|岁月~years; passing time~故事里写着岁月的变化。~The story describes changes over the years.
春|chun1|spring|Find 日 beneath the spreading middle strokes of 春.|春天~spring~春天，花园里的花开了。~In spring, the garden's flowers bloom.|春雨~spring rain~春雨轻轻落在小草上。~Spring rain falls gently on the grass.
夏|xia4|summer|Notice the crossing lower strokes beneath the wide upper part of 夏.|夏天~summer~夏天，我们在树荫下休息。~In summer, we rest in the shade of a tree.|夏季~summer season~夏季的白天很长。~The days are long in summer.
秋|qiu1|autumn|Find 禾 beside 火 in 秋.|秋天~autumn~秋天，我们收集落叶。~In autumn, we collect fallen leaves.|秋风~autumn wind~秋风吹动树枝上的叶子。~The autumn wind moves the leaves on the branches.
冬|dong1|winter|Notice the two small lower dots beneath the top strokes of 冬.|冬天~winter~冬天，我们戴上暖和的帽子。~In winter, we put on warm hats.|冬季~winter season~冬季，我们给鸟准备饮水。~In winter, we provide drinking water for birds.
晴|qing2|clear weather|Find 日 beside 青 in 晴.|晴天~a sunny day~晴天的时候，我们去户外画画。~On sunny days, we draw outdoors.|晴朗~clear and sunny~@weather-adj
阴|yin1|shade; overcast|Find 阝 beside 月 in 阴.|阴天~a cloudy day~阴天的时候，我们也带上雨伞。~On cloudy days, we bring an umbrella too.|树阴~the shade of a tree~我们在树阴下休息。~We rest in the shade of a tree.
冷|leng3|cold|Find the two ice strokes 冫 beside 令 in 冷.|寒冷~cold~@weather-adj|冷水~cold water~大人把冷水倒进水壶。~An adult pours cold water into the kettle.
热|re4|hot; heat|Find the four bottom dots 灬 in 热.|热水~hot water~大人倒热水时，我站在旁边等。~I wait to the side while an adult pours hot water.|热闹~lively; bustling~节日的街上很热闹。~The street is lively during the festival.
暖|nuan3|warm|Find 日 on the left of 暖.|温暖~warm~@weather-adj|暖和~warm and comfortable~这件上衣很暖和。~This top is warm and comfortable.
凉|liang2|cool|Find 冫 beside 京 in 凉.|凉快~cool and refreshing~树荫下很凉快。~It is cool and refreshing in the tree's shade.|清凉~cool and refreshing~清凉的风吹过来。~A cool, refreshing breeze blows past.
冰|bing1|ice|Find 冫 beside 水 in 冰.|冰块~ice cubes~大人把冰块放进杯子。~An adult puts ice cubes into the cup.|冰雪~ice and snow~@picture
河|he2|river|Find 氵 beside 可 in 河.|河流~a river~@book|河边~by the river~@place
湖|hu2|lake|Find 氵 beside 胡 in 湖.|湖水~lake water~@observe|湖边~beside the lake~@place
海|hai3|sea|Find 氵 beside 每 in 海.|海水~seawater~@book|海边~by the sea~@place
江|jiang1|large river|Find 氵 beside 工 in 江.|江水~river water~@observe|江边~beside the river~@place
池|chi2|pool; pond|Find 氵 beside 也 in 池.|池塘~a pond~@picture|水池~a pool of water~@point
洋|yang2|ocean; vast|Find 氵 beside 羊 in 洋.|海洋~the ocean~@book|大洋~an ocean~@read
岛|dao3|island|Find 山 in the lower part of 岛.|小岛~a small island~@draw|岛屿~islands~@book
岸|an4|shore; bank|Find 山 above the lower part of 岸.|河岸~a river bank~@picture|海岸~the seashore~@point
沙|sha1|sand|Find 氵 beside 少 in 沙.|沙子~sand~@collect|沙滩~a sandy beach~@picture
滩|tan1|beach; shoal|Find 氵 on the left of 滩.|沙滩~a sandy beach~@draw|海滩~a beach~@book
浪|lang4|wave|Find 氵 beside 良 in 浪.|海浪~ocean waves~@observe|浪花~the spray of waves~@picture
泉|quan2|spring; fountain|Find 白 above 水 in 泉.|泉水~spring water~@book|温泉~a hot spring~@picture
溪|xi1|stream|Find 氵 on the left of 溪.|小溪~a little stream~@draw|溪水~stream water~@observe
森|sen1|forest; dense trees|Find three 木 shapes together in 森.|森林~a forest~@book|森森~dense and forest-like~画里是森森的树林。~The picture shows dense woods.
叶|ye4|leaf|Find 口 beside 十 in 叶.|树叶~leaves~@collect|叶子~a leaf~@observe
根|gen1|root|Find 木 beside 艮 in 根.|树根~tree roots~@book|根本~fundamental; basic~游戏的根本规则是轮流玩。~The game's basic rule is to take turns.
枝|zhi1|branch|Find 木 beside 支 in 枝.|树枝~a branch~@observe|枝条~branches~@picture
苗|miao2|seedling|Find 艹 above 田 in 苗.|树苗~a tree seedling~@garden|幼苗~a young seedling~@observe
竹|zhu2|bamboo|Compare the two similar halves of 竹.|竹子~bamboo~@garden|竹林~a bamboo grove~@draw
禾|he2|grain crop; seedling|Notice the slanting top stroke above 木 in 禾.|禾苗~grain seedlings~@picture|禾本科~the grass family~@book
谷|gu3|valley; grain|Find 口 beneath the spreading upper strokes of 谷.|山谷~a valley~@draw|谷物~grain~@book
麦|mai4|wheat|Notice the crossing lower strokes beneath the upper lines of 麦.|小麦~wheat~@book|麦子~wheat~@picture
玉|yu4|jade|Compare 玉 with 王 and find its extra dot.|玉石~jade~@book|玉米~corn~@basket
金|jin1|gold; metal|Notice the roof-shaped top and small lower dots of 金.|金色~the colour gold~@picture|黄金~gold~@book
银|yin2|silver|Find 钅 beside 艮 in 银.|银色~the colour silver~@point|白银~silver~@book
铜|tong2|copper|Find 钅 beside 同 in 铜.|铜钱~a copper coin~@picture|铜钟~a copper bell~我们听到了铜钟的声音。~We hear the sound of a copper bell.
铁|tie3|iron|Find 钅 beside 失 in 铁.|铁路~a railway~@draw|铁门~an iron gate~@picture
桃|tao2|peach|Find 木 beside 兆 in 桃.|桃子~peaches~@basket|桃花~peach blossoms~@garden
李|li3|plum|Find 木 above 子 in 李.|李子~plums~@bowl|桃李~peach and plum trees~花园里桃李开花了。~The peach and plum trees in the garden have blossomed.
梨|li2|pear|Find 木 below 利 in 梨.|梨子~pears~@basket|雪梨~snow pears~@meal
杏|xing4|apricot|Find 木 above 口 in 杏.|杏子~apricots~@bowl|杏花~apricot blossoms~@garden
橙|cheng2|orange fruit|Find 木 beside 登 in 橙.|橙子~oranges~@basket|橙汁~orange juice~杯子里装着橙汁。~The cup holds orange juice.
蕉|jiao1|banana, in words|Find 艹 above 焦 in 蕉.|香蕉~bananas~@meal|芭蕉~a banana plant~@picture
葡|pu2|grape, in words|Find 艹 above the wrapped lower part of 葡.|葡萄~grapes~@bowl|葡萄干~raisins~@basket
苹|ping2|apple, in 苹果|Find 艹 above 平 in 苹.|苹果~apples~@basket|苹果树~an apple tree~@garden
莓|mei2|berry|Find 艹 above 每 in 莓.|草莓~strawberries~@meal|蓝莓~blueberries~@bowl
枣|zao3|jujube; date fruit|Notice the two small bottom dots beneath the top of 枣.|红枣~red jujubes~@basket|枣树~a jujube tree~@garden
柿|shi4|persimmon|Find 木 beside 市 in 柿.|柿子~persimmons~@meal|柿饼~dried persimmons~@basket
糖|tang2|sugar; sweets|Find 米 beside 唐 in 糖.|糖果~sweets~@picture|白糖~white sugar~大人把一点白糖放进碗里。~An adult puts a little white sugar into the bowl.
盐|yan2|salt|Find 皿 beneath the upper part of 盐.|食盐~table salt~大人把少量食盐放进汤里。~An adult puts a little table salt into the soup.|盐水~salt water~这本书介绍了盐水和淡水。~This book introduces salt water and fresh water.
油|you2|oil|Find 氵 beside 由 in 油.|油菜~rapeseed plants~@picture|香油~sesame oil~大人把一点香油放进汤里。~An adult puts a little sesame oil into the soup.
醋|cu4|vinegar|Find 酉 beside 昔 in 醋.|米醋~rice vinegar~厨房里有一瓶米醋。~There is a bottle of rice vinegar in the kitchen.|陈醋~aged vinegar~大人用陈醋给菜调味。~An adult seasons the food with aged vinegar.
汤|tang1|soup|Find 氵 on the left of 汤.|菜汤~vegetable soup~碗里装着热乎乎的菜汤。~The bowl holds warm vegetable soup.|汤面~noodles in soup~大人把汤面放在桌上。~An adult puts noodles in soup on the table.
粥|zhou1|porridge|Find 米 between two 弓 shapes in 粥.|米粥~rice porridge~碗里的米粥已经不烫了。~The rice porridge in the bowl is no longer too hot.|稀粥~thin porridge~早餐时，我们吃了一点稀粥。~At breakfast, we eat a little thin porridge.
饼|bing3|flat cake; biscuit|Find 饣 beside 并 in 饼.|饼干~biscuits~@basket|月饼~mooncakes~@meal
饺|jiao3|dumpling|Find 饣 beside 交 in 饺.|饺子~dumplings~@bowl|水饺~boiled dumplings~@meal
馒|man2|steamed bun, in 馒头|Find 饣 on the left of 馒.|馒头~steamed buns~@meal|馒头片~slices of steamed bun~@meal
芝|zhi1|sesame, in 芝麻|Find 艹 above 之 in 芝.|芝麻~sesame seeds~@bowl|芝麻油~sesame oil~大人把一点芝麻油放进汤里。~An adult puts a little sesame oil into the soup.
酸|suan1|sour|Find 酉 on the left of 酸.|酸甜~sweet and sour~@taste|酸奶~yogurt~@bowl
甜|tian2|sweet|Find 舌 beside 甘 in 甜.|甜味~sweet taste~苹果带着一点甜味。~The apple has a slightly sweet taste.|香甜~sweet and fragrant~@foodadj
苦|ku3|bitter|Find 艹 above 古 in 苦.|苦瓜~bitter gourd~@picture|苦味~bitter taste~这种菜带着一点苦味。~This vegetable has a slightly bitter taste.
辣|la4|spicy|Find 辛 on the left of 辣.|辣椒~chilli peppers~@picture|辣味~spicy flavour~这盘菜没有辣味。~This dish has no spicy flavour.
香|xiang1|fragrant|Find 禾 above 日 in 香.|香气~fragrance~花园里飘来花的香气。~The fragrance of flowers drifts from the garden.|香味~pleasant smell~厨房里传来面包的香味。~The pleasant smell of bread comes from the kitchen.
鲜|xian1|fresh|Find 鱼 beside 羊 in 鲜.|鲜花~fresh flowers~@basket|鲜果~fresh fruit~@meal
软|ruan3|soft|Find 车 beside 欠 in 软.|柔软~soft~@paper-adj|松软~soft and fluffy~@foodadj
硬|ying4|hard|Find 石 beside 更 in 硬.|坚硬~hard~这块石头很坚硬。~This stone is hard.|硬纸~stiff paper~@collect
饱|bao3|full after eating|Find 饣 beside 包 in 饱.|吃饱~eat one's fill~我们一起吃饭，吃饱后就收好碗。~We eat together and put the bowls away when we have had enough.|饱满~full and plump~这颗种子很饱满。~This seed is full and plump.
饿|e4|hungry|Find 饣 beside 我 in 饿.|饥饿~hungry~@person-adj|饿了~become hungry~小兔饿了，就去找食物。~The little rabbit becomes hungry and looks for food.
渴|ke3|thirsty|Find 氵 beside 曷 in 渴.|口渴~thirsty~小兔口渴了，就去喝水。~The little rabbit is thirsty and goes to drink water.|解渴~quench thirst~喝水可以解渴。~Drinking water can quench thirst.
杯|bei1|cup|Find 木 beside 不 in 杯.|杯子~a cup~@point|水杯~a drinking cup~@collect
碗|wan3|bowl|Find 石 beside 宛 in 碗.|饭碗~a rice bowl~@picture|碗筷~bowls and chopsticks~@basket
盘|pan2|plate; tray|Find 舟 above 皿 in 盘.|盘子~a plate~@point|棋盘~a game board~@draw
筷|kuai4|chopsticks|Find the bamboo top ⺮ above 快 in 筷.|筷子~chopsticks~@basket|木筷~wooden chopsticks~@meal
勺|shao2|spoon|Find the small dot inside the outer hook of 勺.|勺子~a spoon~@collect|汤勺~a soup spoon~@picture
锅|guo1|pot; pan|Find 钅 on the left of 锅.|锅盖~a pot lid~@picture|大锅~a large cooking pot~@draw
瓶|ping2|bottle|Find 并 beside 瓦 in 瓶.|瓶子~a bottle~@point|花瓶~a vase~@picture
盒|he2|box|Find 合 above 皿 in 盒.|盒子~a box~@draw|饭盒~a lunch box~@point
篮|lan2|basket|Find the bamboo top ⺮ above 监 in 篮.|篮子~a basket~@picture|花篮~a basket of flowers~@draw
桶|tong3|bucket; barrel|Find 木 beside 甬 in 桶.|水桶~a water bucket~@picture|木桶~a wooden barrel~@draw
袋|dai4|bag; sack|Find 代 above 衣 in 袋.|袋子~a bag~@collect|口袋~a pocket~@point
箱|xiang1|box; chest|Find the bamboo top ⺮ above 相 in 箱.|箱子~a box~@point|纸箱~a cardboard box~@picture
柜|gui4|cabinet|Find 木 beside 巨 in 柜.|柜子~a cabinet~@draw|书柜~a bookcase~@picture
架|jia4|rack; support|Find 加 above 木 in 架.|书架~a bookshelf~@picture|衣架~a clothes hanger~@collect
窗|chuang1|window|Find the roof-like 穴 above the lower part of 窗.|窗户~a window~@picture|窗台~a windowsill~@point
墙|qiang2|wall|Find 土 on the left of 墙.|墙壁~a wall~@point|围墙~a surrounding wall~@draw
楼|lou2|building; floor|Find 木 beside 娄 in 楼.|楼房~a building~@picture|楼梯~stairs~@point
院|yuan4|courtyard; institution|Find 阝 beside 完 in 院.|院子~a courtyard~@draw|医院~a hospital~@picture
园|yuan2|garden; park|Find 元 inside the outer frame 囗 in 园.|公园~a park~@picture|花园~a flower garden~@draw
场|chang3|place; open ground|Find 土 on the left of 场.|操场~a playground~@school|球场~a sports ground~@picture
店|dian4|shop|Find 广 above 占 in 店.|商店~a shop~@picture|书店~a bookshop~@draw
市|shi4|city; market|Find 巾 beneath the short top strokes of 市.|城市~a city~@book|市场~a market~@picture
街|jie1|street|Notice 行 enclosing 圭 in 街.|街道~a street~@picture|街角~a street corner~@point
路|lu4|road; path|Find 足 beside 各 in 路.|小路~a little path~@draw|路口~a road junction~@picture
桥|qiao2|bridge|Find 木 beside 乔 in 桥.|木桥~a wooden bridge~@draw|石桥~a stone bridge~@picture
校|xiao4|school|Find 木 beside 交 in 校; these words use xiào.|学校~a school~@picture|校园~a school campus~@draw
师|shi1|teacher; skilled worker|Find 巾 on the right of 师.|老师~a teacher~@picture|师傅~a skilled worker; master~师傅教大家修理木椅。~The skilled worker teaches everyone how to repair wooden chairs.
班|ban1|class; group|Notice two 王 shapes on either side of the middle strokes in 班.|班级~a class~我们的班级一起种了一棵树。~Our class plants a tree together.|班长~class monitor~班长帮助大家把椅子摆好。~The class monitor helps everyone arrange the chairs.
课|ke4|lesson; class|Find 讠 beside 果 in 课.|课本~a textbook~@collect|课堂~classroom; class time~课堂上，我们认真听讲。~During class, we listen carefully.
题|ti2|question; topic|Find 是 beside 页 in 题.|题目~question; exercise~我先读清楚题目，再回答。~I read the question carefully before answering.|问题~question~我把问题写在本子上。~I write the question in my notebook.
字|zi4|written character|Find 子 beneath 宀 in 字.|汉字~Chinese characters~@book|字母~letters of the alphabet~@point
句|ju4|sentence|Find 口 inside the outer hook of 句.|句子~sentence~这本书有很多短句子。~This book has many short sentences.|语句~sentences; phrases~老师清楚地读出这些语句。~The teacher reads these sentences clearly.
页|ye4|page|Notice the two spreading lower strokes beneath the box-like middle of 页.|页码~page number~我在书页下方找到了页码。~I find the page number at the bottom of the page.|首页~first page~首页上画着一只小猫。~There is a kitten drawn on the first page.
章|zhang1|chapter|Find 立 above the lower 日 and 十 shapes of 章.|章节~chapters; sections~这本书分成几个章节。~This book is divided into several chapters.|文章~article~我读完了一篇短文章。~I finish reading a short article.
图|tu2|picture; diagram|Find 冬 inside the outer frame 囗 in 图.|地图~a map~@collect|图片~a picture~我把一张图片贴在本子上。~I stick a picture in my notebook.
画|hua4|draw; picture|Find 田 between the upper and lower surrounding strokes of 画.|画家~a painter~故事里的画家画了一棵大树。~The painter in the story draws a large tree.|画图~draw a picture~我用彩笔画图。~I draw a picture with coloured pens.
色|se4|colour|Find the curved lower stroke at the bottom of 色.|颜色~colour~我选了两种不同的颜色。~I choose two different colours.|色彩~colours~这张图的色彩很明亮。~The colours in this picture are bright.
点|dian3|dot; point|Find 占 above the four lower dots 灬 in 点.|点头~nod~听到老师的说明，我点头表示明白。~After hearing the explanation, I nod to show I understand.|点心~snacks~@meal
线|xian4|thread; line|Find 纟 beside 戋 in 线.|线条~lines~@draw|毛线~yarn~@collect
圈|quan1|circle; ring|Find 卷 inside the outer frame 囗 in 圈.|圆圈~a circle~@draw|画圈~draw a circle~我用笔画圈，把答案圈起来。~I draw a circle around the answer with my pen.
圆|yuan2|round|Find 员 inside the outer frame 囗 in 圆.|圆形~a round shape~@draw|圆圈~a circle~@point
角|jiao3|corner; angle; horn|Notice the upright lower stroke dividing the inside of 角.|角落~a corner~@picture|三角~a triangle~@draw
方|fang1|square; direction|Follow the long bent stroke and slanting lower stroke of 方.|方形~a square shape~@draw|正方形~a square~@point
正|zheng4|correct; upright|Notice the long top horizontal and upright middle stroke of 正.|正确~correct~这个答案是正确的。~This answer is correct.|正好~just right; exactly~这张纸正好能放进盒子。~This sheet of paper fits exactly into the box.
直|zhi2|straight|Find the horizontal lines inside the upright frame of 直.|一直~all the way; continuously~我们一直沿着小路走。~We keep walking along the path.|直线~a straight line~@draw
平|ping2|flat; even; peaceful|Notice the two small strokes above the long horizontal in 平.|平整~flat and even~@paper-adj|平安~safe and well~出门玩耍后，我们平安回家。~After playing outside, we return home safely.
弯|wan1|curved; bend|Find 弓 beneath the upper part of 弯.|弯曲~curved~这条小路有点弯曲。~This path is a little curved.|拐弯~turn a corner~小车在路口拐弯。~The little vehicle turns at the junction.
音|yin1|sound|Find 立 above 日 in 音.|声音~a sound~@sound|音乐~music~@sound
声|sheng1|sound; voice|Notice 士 above the lower part of 声.|声音~a sound~@sound|歌声~singing~@sound
歌|ge1|song|Find two 可 shapes beside 欠 in 歌.|唱歌~sing songs~@action|歌曲~a song~@sound
乐|le4|happy; joy|Notice the upright hook and two spreading strokes in 乐; these words use lè.|快乐~happy~@person-adj|欢乐~joyful~@person-adj
琴|qin2|musical instrument|Find two 王 shapes above 今 in 琴.|钢琴~a piano~@picture|琴声~the sound of a musical instrument~@sound
鼓|gu3|drum|Find 壴 beside 支 in 鼓.|鼓声~the sound of a drum~@sound|鼓掌~clap~@action
球|qiu2|ball|Find 王 beside 求 in 球.|足球~a football~@picture|皮球~a ball~@collect
棋|qi2|board game|Find 木 beside 其 in 棋.|棋子~a game piece~@collect|围棋~the game of Go~@book
积|ji1|accumulate|Find 禾 beside 只 in 积.|积木~building blocks~@collect|积累~build up; accumulate~我们每天积累一点新知识。~We build up a little new knowledge every day.
拼|pin1|put together|Find 扌 beside 并 in 拼.|拼图~a jigsaw puzzle~@picture|拼音~pinyin~老师用拼音帮助我们看懂读音。~The teacher uses pinyin to help us understand pronunciation.
卡|ka3|card|Notice 上 above 卜 in 卡.|卡片~a card~@collect|卡车~a lorry~@picture
拍|pai1|pat; clap; photograph|Find 扌 beside 白 in 拍.|拍手~clap one's hands~我们一起拍手。~We clap our hands together.|拍照~take photographs~@action
踢|ti1|kick|Find 足 beside 易 in 踢.|踢球~kick a ball~@action|踢毽子~play shuttlecock~@action
投|tou2|throw; put into|Find 扌 beside 殳 in 投.|投篮~shoot baskets~@action|投入~put into~我把纸片投入回收箱。~I put the pieces of paper into the recycling box.
接|jie1|receive; catch|Find 扌 beside 妾 in 接.|接住~catch~我接住了朋友传来的球。~I catch the ball my friend passes to me.|接力~a relay~@book
扔|reng1|throw|Find 扌 beside 乃 in 扔.|扔掉~throw away~我们不把纸片随便扔掉。~We do not discard pieces of paper carelessly.|扔球~throw a ball~@action
推|tui1|push|Find 扌 beside 隹 in 推.|推开~push open~我轻轻推开门。~I gently push the door open.|推车~push a cart~@action
拉|la1|pull|Find 扌 beside 立 in 拉.|拉手~hold hands~@action|拉开~pull open~大人拉开窗帘。~An adult pulls the curtains open.
抬|tai2|lift; raise|Find 扌 beside 台 in 抬.|抬头~raise one's head~我们一起抬头看小鸟。~We raise our heads to look at the bird.|抬起~raise~我抬起手，指着小鸟。~I raise my hand and point at the bird.
搬|ban1|move; carry|Find 扌 beside 般 in 搬.|搬家~move home~故事里的一家人正在搬家。~The family in the story is moving home.|搬运~carry; move~大人帮忙搬运桌子。~The adults help move the tables.
洗|xi3|wash|Find 氵 beside 先 in 洗.|洗手~wash one's hands~我们一起洗手。~We wash our hands together.|洗澡~bathe~晚上，我洗澡后换上干净的衣服。~In the evening, I put on clean clothes after bathing.
擦|ca1|wipe|Find 扌 beside 察 in 擦.|擦汗~wipe away sweat~运动后，我用毛巾擦汗。~After exercise, I wipe away sweat with a towel.|擦干~wipe dry~我把桌上的水擦干。~I wipe the water off the table.
扫|sao3|sweep|Find 扌 beside 彐 in 扫.|扫地~sweep the floor~@action|扫除~clean up~大扫除时，我们把角落清理好。~During the big clean-up, we clean the corners.
捡|jian3|pick up|Find 扌 on the left of 捡.|捡起~pick up~我捡起一片落叶。~I pick up a fallen leaf.|捡拾~gather; pick up~我们捡拾地上的纸片。~We pick up the pieces of paper on the ground.
收|shou1|collect; put away|Find the left-hand two strokes beside 攵 in 收.|收拾~tidy up~我们收拾桌上的本子。~We tidy the notebooks on the table.|收集~collect~我收集了几片不同的树叶。~I collect several different leaves.
拾|shi2|pick up|Find 扌 beside 合 in 拾.|拾起~pick up~我拾起桌边的一支铅笔。~I pick up a pencil beside the table.|拾取~pick up; collect~我们在林中拾取落叶。~We collect fallen leaves in the woods.
整|zheng3|whole; arrange|Find 正 beneath the upper part of 整.|整理~arrange; tidy~我们一起整理书本。~We tidy the books together.|整齐~neat; orderly~书架上的书本很整齐。~The books on the shelf are neatly arranged.
齐|qi2|even; complete|Notice the two straight lower strokes beneath 文 in 齐.|整齐~neat; orderly~桌上的彩笔摆得很整齐。~The coloured pens on the table are neatly arranged.|齐全~complete~这盒彩笔的颜色很齐全。~This box of coloured pens has a full range of colours.
干|gan1|dry|Compare the three straight strokes of 干 with 十.|干净~clean~@paper-adj|干燥~dry~@paper-adj
净|jing4|clean|Find 冫 beside 争 in 净.|洁净~clean~@paper-adj|净化~purify~书里介绍了净化水的方法。~The book introduces ways to purify water.
脏|zang1|dirty|Find 月 beside 庄 in 脏; these words use zāng.|脏水~dirty water~我们不玩脏水，玩过后要洗手。~We do not play with dirty water; we wash our hands after playing.|脏乱~dirty and messy~房间有点脏乱，我们一起收拾。~The room is a little dirty and messy; we tidy it together.
湿|shi1|wet|Find 氵 beside 显 in 湿.|湿润~moist~花盆的土很湿润。~The soil in the flower pot is moist.|潮湿~damp~@paper-adj
满|man3|full|Find 氵 on the left of 满.|满意~satisfied~@person-adj|满足~contented~@person-adj
空|kong1|empty; air; sky|Find 穴 above 工 in 空.|天空~the sky~@draw|空气~air~@book
新|xin1|new|Find 斤 on the right of 新.|新鲜~fresh~@foodadj|新年~New Year~新年到了，朋友们互相祝福。~New Year arrives; friends exchange good wishes.
旧|jiu4|old; former|Find the upright stroke beside 日 in 旧.|旧书~old books~@point|旧衣~old clothes~@collect
真|zhen1|true; real|Find the two spreading lower strokes beneath the box-like middle of 真.|认真~careful; serious~故事里的小兔认真地折纸。~The little rabbit in the story folds paper carefully.|真正~true; genuine~真正的朋友会互相帮助。~True friends help one another.
假|jia3|false; pretend|Find 亻 on the left of 假; these words use jiǎ.|假如~if~假如下雨，我们就在屋里画画。~If it rains, we draw indoors.|假装~pretend~小朋友假装自己是一只小鸟。~The child pretends to be a little bird.
实|shi2|real; actual|Find 宀 above the lower strokes of 实.|实在~really~这棵树实在太高了。~This tree is really tall.|实现~achieve; realise~大家合作，实现了搭纸桥的计划。~Working together, everyone carries out the plan to build a paper bridge.
事|shi4|matter; affair; event|Notice the upright hook running through the middle of 事.|事情~matter; event~今天有一件高兴的事情。~Something happy happens today.|好事~good deed~帮助朋友是一件好事。~Helping a friend is a good deed.
物|wu4|thing; object|Find 牜 beside 勿 in 物.|动物~animals~@book|礼物~a gift~@collect
件|jian4|item; counting word|Find 亻 beside 牛 in 件.|一件~one item~我叠好一件上衣。~I fold a top neatly.|零件~parts~@collect
样|yang4|appearance; kind|Find 木 beside 羊 in 样.|样子~appearance~小猫睡觉的样子很可爱。~The kitten looks cute when it sleeps.|一样~the same~两张纸的大小一样。~The two sheets of paper are the same size.
种|zhong3|kind; seed|Find 禾 beside 中 in 种; these words use zhǒng.|种子~seeds~@collect|种类~kinds; types~公园里树的种类很多。~There are many kinds of trees in the park.
次|ci4|time; occasion|Find 冫 beside 欠 in 次.|每次~every time~每次画完图，我都把笔收好。~Every time I finish a picture, I put my pens away.|下次~next time~下次，我还想读这个故事。~Next time, I want to read this story again.
张|zhang1|spread; sheet-counting word|Find 弓 beside 长 in 张.|张开~spread open~小鸟张开翅膀。~The bird spreads its wings.|纸张~sheets of paper~@collect
条|tiao2|strip; long-item counting word|Find 木 beneath the top strokes of 条.|条纹~stripes~@picture|面条~noodles~@bowl
块|kuai4|piece; block|Find 土 beside 夬 in 块.|石块~pieces of stone~@collect|一块~one piece~我用一块布擦桌子。~I use a piece of cloth to wipe the table.
棵|ke1|counting word for plants|Find 木 beside 果 in 棵.|一棵树~one tree~院子里有一棵树。~There is one tree in the courtyard.|一棵菜~one vegetable plant~我给一棵菜浇水。~I water a vegetable plant.
朵|duo3|blossom; counting word for flowers|Find 木 beneath the upper curved strokes of 朵.|一朵花~one flower~我画了一朵花。~I draw a flower.|一朵云~one cloud~蓝天上有一朵云。~There is a cloud in the blue sky.
支|zhi1|branch; support; counting word|Find 十 above 又 in 支.|一支笔~one pen~盒子里有一支笔。~There is a pen in the box.|一支歌~one song~我们一起唱一支歌。~We sing a song together.
双|shuang1|pair; both|Compare the two 又 shapes side by side in 双.|双手~both hands~@point|双方~both sides~比赛双方都遵守规则。~Both sides in the game follow the rules.
辆|liang4|counting word for vehicles|Find 车 beside 两 in 辆.|一辆车~one vehicle~门口停着一辆车。~There is a vehicle parked by the entrance.|一辆自行车~one bicycle~树旁有一辆自行车。~There is a bicycle beside the tree.
套|tao4|set; cover|Find 大 above the lower part of 套.|套装~a matching set of clothes~@picture|手套~gloves~@collect
位|wei4|position; polite people-counting word|Find 亻 beside 立 in 位.|座位~a seat~@picture|一位~one person, politely~班里来了一位新老师。~A new teacher joins the class.
座|zuo4|seat; base|Find 广 above 坐 in 座.|座位~a seat~@point|星座~constellations~@book
颗|ke1|counting word for small round things|Find 果 beside 页 in 颗.|一颗星~one star~图里画着一颗星。~There is a star drawn in the picture.|一颗糖~one sweet~小碟子里有一颗糖。~There is a sweet in the little dish.
粒|li4|grain; small particle|Find 米 beside 立 in 粒.|米粒~grains of rice~@observe|粒子~particles~@book
斤|jin1|a traditional weight unit|Notice the bent upper stroke and two lower uprights of 斤.|公斤~kilogram~这袋米重一公斤。~This bag of rice weighs one kilogram.|半斤~half a jin~这袋小米有半斤重。~This bag of millet weighs half a jin.
克|ke4|gram; overcome|Notice the two spreading lower strokes beneath 古 in 克.|千克~kilogram~这袋面粉重一千克。~This bag of flour weighs one kilogram.|克服~overcome~我们克服困难，把纸桥搭好了。~We overcome the difficulty and finish the paper bridge.
